CLUSTER,DISTRICT,FACILITY,ART,NAME,GIVEN,GD,AG,CD,OTHER CARE ENTRY POINT,ENTRY POINT INTO HIV CARE,CURRENT ARV REGIMEN,CURRENT ARV REGIMEN_obsDatetime ,CURRENT ARV REGIMEN_(1),CURRENT ARV REGIMEN_obsDatetime_(1),WT,AS,FE,LD,RD,RD_obsDatetime ,RD1,RD_obsDatetime_(1) ,RD2,RD_obsDatetime_(2),,TI_obsDatetime,NAME OF LOCATION TRANSFERRED FROM,TI,TO,TO_obsDatetime,TO_comment,NTO,NTO_obsDatetime,DD,Cause of Death,DSD,DSDM_(1),VD,VD_obsDatetime ,VD_(1),VD_obsDatetime_(1),VR,HIV VIRAL LOAD_obsDatetime ,HIV VIRAL LOAD_(1),HIV VIRAL LOAD_obsDatetime_(1),ARVD,ARVDO,TPT ,TPT _obsDatetime,CX,CX_obsDatetime,ART DAYS DISPENSED,CRAG TEST RESULTS,CRAG TEST RESULTS_obsDatetime,TB LAM RESULTS,TB LAM RESULTS_obsDatetime,Stable In DSDM,Stable In DSDM_obsDatetime,ARVL,ART regimen line,Current Regimen Line,Text of encounter note,Text of encounter note_obsDatetime,Diastolic blood pressure,Systolic blood pressure,PT,PT_obsDatetime,Breast feeding,Breast feeding_obsDatetime,PREGNANT,PREGNANT_obsDatetime,TUBERCULOSIS STATUS,TUBERCULOSIS STATUS_obsDatetime,Cotrim Given,Cotrim Given_obsDatetime,District,Sub-county,County,Parish,Village,Telephone Number,TPT START DATE,TPT STATUS,TPT STATUS_obsDatetime,TPT COMPLETION DATE,HIV VIRAL LOAD,HIV VIRAL LOAD_obsDatetime,HIV VIRAL LOAD DATE
MASAKA,BUKOMANSIMBI,MIRAMBI,581,STEVEN,BUWEMBO,M,30,,,IDU OUTREACH,TDF/3TC/DTG,07/08/2024,TDF/3TC/DTG,03/01/2024,56,26/09/2019,26/09/2019,07/08/2024,29/01/2025,07/08/2024,03/07/2024,03/01/2024,03/01/2024,12/07/2023,,,,,08/06/2026,08/06/2026,,VIILA MARIA,08/06/2026,,,Fast Track Drug Refill,Fast Track Drug Refill,07/08/2024,07/08/2024,12/07/2023,12/07/2023,3783,07/08/2024,1,12/07/2023,180,07/08/2024,Treatment complete,07/08/2024,,,180,,,,,YES,07/08/2024,FIRST LINE ARV REGIMEN,,,STO TO VILLAMARIA,28/05/2025,,,,,,,,,No signs or symptoms of TB,07/08/2024,No,01/11/2022,BUKOMANSIMBI,KIBINGE,BUKOMANSIMBI,KIRYASAAKA,KIRYASAAKA,,,Treatment complete,07/08/2024,,3783,07/08/2024,07/08/2024
MASAKA,BUKOMANSIMBI,MIRAMBI,147,JANE,NALUNKUSE,F,50,,,PMTCT,TDF/3TC/DTG,27/11/2024,TDF/3TC/DTG,28/05/2024,69,15/01/2014,15/01/2014,27/11/2024,25/02/2025,27/11/2024,26/11/2024,28/05/2024,28/05/2024,31/01/2024,,,,,,,,,,,,Community Drug Distribution Point,Community Drug Distribution Point,27/11/2024,27/11/2024,06/12/2023,06/12/2023,1,27/11/2024,399,06/12/2023,90,27/11/2024,Treatment complete,27/11/2024,No evidence of Malignancy,02/11/2022,90,,,,,YES,27/11/2024,FIRST LINE ARV REGIMEN,,,,,86,124,NO,30/08/2022,,,No,06/10/2021,No signs or symptoms of TB,27/11/2024,No,28/02/2023,BUKOMANSIMBI,KIBINGE,BUKOMANSIMBI,BUTAYUNJA,BUTAYUNJA,751987299,,Treatment complete,27/11/2024,,1,27/11/2024,27/11/2024
MASAKA,BUKOMANSIMBI,MIRAMBI,127,MAXY,NABADDA,F,62,397,,MEDICAL OUTPATIENT,TDF/3TC/DTG,14/11/2024,TDF/3TC/DTG,27/08/2024,59,07/03/2014,18/11/2013,14/11/2024,06/02/2025,14/11/2024,21/11/2024,27/08/2024,27/08/2024,23/05/2024,,,,,,,,,,24/12/2024,Natural Causes,Community Drug Distribution Point,Community Client Led ART Delivery,14/11/2024,14/11/2024,27/08/2024,27/08/2024,1,14/11/2024,399,17/11/2023,90,14/11/2024,Never,08/11/2022,,,90,,,,,YES,14/11/2024,FIRST LINE ARV REGIMEN,,,,,,,NO,08/11/2022,,,No,14/11/2024,No signs or symptoms of TB,14/11/2024,No,14/11/2024,BUKOMANSIMBI,KIBINGE,BUKOMANSIMBI,KIRYASAAKA,MISANVU,,14/07/2020,Never,08/11/2022,,1,14/11/2024,14/11/2024
MASAKA,BUKOMANSIMBI,MIRAMBI,MRB671,FLORENCE,NAMUGGA,F,43,,,MEDICAL OUTPATIENT,TDF/3TC/DTG,22/01/2025,TDF/3TC/DTG,24/07/2024,60,29/10/2015,23/12/2020,22/01/2025,11/03/2025,22/01/2025,22/01/2025,24/07/2024,24/07/2024,05/02/2024,23/12/2020,23/12/2020,KAWAALA,23/12/2020,28/03/2025,28/03/2025,,KYANAMUKAAKA H C IV,28/03/2025,,,Fast Track Drug Refill,Fast Track Drug Refill,05/02/2024,05/02/2024,16/02/2023,16/02/2023,1,05/02/2024,1,16/02/2023,60,22/01/2025,Treatment complete,22/01/2025,Suspicious of Malignancy,02/06/2022,60,,,,,YES,22/01/2025,FIRST LINE ARV REGIMEN,,,,,,,NO,16/02/2023,,,,,No signs or symptoms of TB,05/02/2024,No,16/02/2023,BUKOMANSIMBI,KIBINGE,BUKOMANSIMBI,KIRYASSAAKA,KATOLERWA,752764504,,Treatment complete,22/01/2025,,1,05/02/2024,05/02/2024
MASAKA,BUKOMANSIMBI,MIRAMBI,769,JESCA,NAMAKULA,F,27,,TI,OTHER SPECIFY,TDF/3TC/DTG,11/12/2024,TDF/3TC/DTG,25/09/2024,51,17/11/2020,12/09/2022,11/12/2024,04/03/2025,11/12/2024,17/12/2024,25/09/2024,31/07/2024,08/05/2024,12/09/2022,12/09/2022,UG CARES,12/09/2022,10/06/2025,10/06/2025,,ssembabule h c iv,10/06/2025,,,Facility Based Groups,Facility Based Groups,11/12/2024,11/12/2024,25/09/2024,25/09/2024,1,07/07/2023,,,90,11/12/2024,Never,25/09/2024,No evidence of Malignancy,07/07/2023,90,,,,,NO,11/12/2024,FIRST LINE ARV REGIMEN,,,EMTCT PREG,26/02/2025,,,YES,11/12/2024,,,Yes,11/12/2024,No signs or symptoms of TB,11/12/2024,Yes,11/12/2024,LWENGO,KKINGO,BUKOTO,KASAANA,NAKATOOKE,708444046,,Never,25/09/2024,,1,07/07/2023,11/12/2024
KALANGALA,KALANGALA,BUBEKE,MRB870,NAKATO,NAMJULIIKA,F,18,201,,IDU OUTREACH,TDF/3TC/DTG,19/02/2025,TDF/3TC/DTG,22/01/2025,42,22/01/2025,22/01/2025,19/02/2025,19/03/2025,19/02/2025,19/02/2025,22/01/2025,,,,,,,03/07/2025,03/07/2025,,KALANGALA H C III,03/07/2025,,,Facility Based Individual Management,Facility Based Individual Management,,,,,,,,,30,19/02/2025,Never,19/02/2025,,,30,,,,,NO,19/02/2025,FIRST LINE ARV REGIMEN,,,RELOCATED TO KALANGALA H C III,28/03/2025,,,,,,,,,No signs or symptoms of TB,19/02/2025,Yes,19/02/2025,BUKOMANSIMBI,KIBINGE,BUKOMANSIMBI SOUTH COUNTY,MIRAMBI,MAKUKUULU,753103533,,Never,19/02/2025,,,,
KALANGALA,KALANGALA,BUBEKE,MRB876,PROSSY,NATUKUNDA,F,26,201,,MEDICAL OUTPATIENT,TDF/3TC/DTG,13/02/2025,,,61,13/02/2025,13/02/2025,13/02/2025,12/03/2025,13/02/2025,,,,,,,,,25/03/2026,25/03/2026,,SSEMBABULE HCIV,25/03/2026,,,Facility Based Individual Management,,,,,,,,,,30,13/02/2025,Never,13/02/2025,,,30,,,,,NO,13/02/2025,FIRST LINE ARV REGIMEN,,,REFUSED DRUGS,28/03/2025,,,,,,,,,No signs or symptoms of TB,13/02/2025,Yes,13/02/2025,LWENGO,KINGO,BUKOTO COUNTYSOUTH,KASAANA,NZIZI A,708129646,,Never,13/02/2025,,,,
KALANGALA,KALANGALA,BUBEKE,MRB880,SARAH,NAMAALA,F,28,199,,IDU OUTREACH,TDF/3TC/DTG,20/02/2025,,,40,20/02/2025,20/02/2025,20/02/2025,20/03/2025,20/02/2025,,,,,,,,,22/08/2025,22/08/2025,, STO NKONI H C III ,22/08/2025,,,Facility Based Individual Management,,,,,,,,,,30,20/02/2025,Never,20/02/2025,,,30,NEGATIVE,20/02/2025,NEGATIVE,20/02/2025,NO,20/02/2025,FIRST LINE ARV REGIMEN,,,,,,,NO,20/02/2025,,,,,No signs or symptoms of TB,20/02/2025,Yes,20/02/2025,LWENGO,KINGO,BUKOTO COUNTYSOUTH,KASAANA,KASAANA  A,700760164,,Never,20/02/2025,,,,
KALANGALA,KALANGALA,BUBEKE,MRB871,FRED,KINTU,M,61,202,,MEDICAL OUTPATIENT,TDF/3TC/DTG,23/01/2025,,,60,23/01/2025,23/01/2025,23/01/2025,19/02/2025,23/01/2025,,,,,,,,,,,,,,18/03/2025,UNKNOWN,Facility Based Individual Management,,,,,,,,,,30,23/01/2025,Never,23/01/2025,,,30,,,,,NO,23/01/2025,FIRST LINE ARV REGIMEN,,,,,,,,,,,,,No signs or symptoms of TB,23/01/2025,Yes,23/01/2025,LWENGO,KINGO,BUKOTO COUNTYSOUTH,KASAANA,KASAANA  A,700702482,,Never,23/01/2025,,,,
